{
    "calvin_eef": {
        "mean": [
            0.0009494360419921577,
            0.009508375078439713,
            -0.00551192881539464,
            -0.0019564242102205753,
            -0.0004183501296211034,
            -0.00508444057777524,
            -0.08441296219825745
        ],
        "std": [
            1.0,
            0.20514465868473053,
            0.213035449385643,
            0.1590174287557602,
            0.1744554340839386,
            0.35454630851745605,
            0.9952292442321777
        ],
        "max": [
            1.0,
            1.0,
            1.0,
            1.0,
            1.0,
            1.0,
            1.0
        ],
        "min": [
            -1.0,
            -1.0,
            -1.0,
            -1.0,
            -1.0,
            -1.0,
            -1.0
        ],
        "q99": [
            0.6851569414138794,
            0.5612552165985107,
            0.5953745937347412,
            0.43421571969986006,
            0.42317869484424725,
            1.0,
            1.0
        ],
        "q01": [
            -0.7075949323177337,
            -0.5782210230827332,
            -0.4329313987493515,
            -0.4275297552347183,
            -0.4761822646856308,
            -1.0,
            -1.0
        ]
    },
    "calvin_delta_eef": {
        "mean": [
            0.0,
            0.0,
            0.0,
            0.0,
            0.0,
            0.0,
            0.0
        ],
        "std": [
            1.0,
            1.0,
            1.0,
            1.0,
            1.0,
            1.0,
            1.0
        ]
    },
    "calvin_state_eef": {
        "mean": [
            0.03991129621863365,
            -0.11157479137182236,
            0.5004453063011169,
            1.0440784692764282,
            -0.08163123577833176,
            1.5842491388320923,
            0.04976361617445946,
            -0.726441502571106,
            1.0189945697784424,
            1.7771867513656616,
            -2.1130757331848145,
            -1.0022032260894775,
            1.808825135231018,
            0.5676667094230652,
            -0.07639611512422562
        ],
        "std": [
            1.0,
            0.09912502765655518,
            0.05524327605962753,
            2.894291400909424,
            0.1304163783788681,
            0.5721291899681091,
            0.030938368290662766,
            0.30551400780677795,
            0.17022736370563507,
            0.22508934140205383,
            0.3623622953891754,
            0.18729756772518158,
            0.15863899886608124,
            0.43576332926750183,
            1.0024089813232422
        ],
        "max": [
            0.42154327034950256,
            0.12296677380800247,
            0.73865807056427,
            3.141592264175415,
            0.6385831832885742,
            3.1415507793426514,
            0.09070102870464325,
            0.3987421691417694,
            1.6910929679870605,
            2.820753812789917,
            -0.4788481593132019,
            0.5586825013160706,
            2.756380081176758,
            2.75911545753479,
            1.0
        ],
        "min": [
            -0.4321882128715515,
            -0.48381930589675903,
            0.2962918281555176,
            -3.141592502593994,
            -0.7520067095756531,
            -3.1415395736694336,
            -0.02564535103738308,
            -2.4120845794677734,
            -0.890714704990387,
            1.1648578643798828,
            -3.060614585876465,
            -2.143754243850708,
            1.093517541885376,
            -1.8253039121627808,
            -1.0
        ],
        "q99": [
            0.2930033844709397,
            0.08109741315245629,
            0.6439486324787141,
            3.1396446228027344,
            0.18371974050998718,
            3.0452964305877686,
            0.08000072091817856,
            0.047524552792310715,
            1.3213663649559038,
            2.355987162590027,
            -0.9893050789833069,
            -0.5112287950515735,
            2.2778142404556294,
            1.840988278388977,
            1.0
        ],
        "q01": [
            -0.3219633996486664,
            -0.4063218849897385,
            0.34386414706707,
            -3.1395976543426514,
            -0.47006335854530334,
            -0.00912479218095541,
            -3.491604773444123e-05,
            -1.500351014137268,
            0.512450805902481,
            1.3835761213302613,
            -2.718444867134094,
            -1.440728018283844,
            1.486406683921814,
            -0.8120371448993683,
            -1.0
        ]
    }
}