{
    "libero_eef": {
        "mean": [
            0.0627809539437294,
            0.08684160560369492,
            -0.09037347882986069,
            0.0005407339194789529,
            0.005643351469188929,
            -0.00522930733859539,
            -0.0496407225728035
        ],
        "std": [
            0.3355155885219574,
            0.3784850835800171,
            0.44465184211730957,
            0.03924189880490303,
            0.06341678649187088,
            0.07793964445590973,
            1.0000858306884766
        ],
        "max": [
            0.9375,
            0.9375,
            0.9375,
            0.3557142913341522,
            0.375,
            0.375,
            1.0
        ],
        "min": [
            -0.9375,
            -0.9375,
            -0.9375,
            -0.2582142949104309,
            -0.375,
            -0.3675000071525574,
            -1.0
        ],
        "q99": [
            0.9375,
            0.8678571581840515,
            0.9375,
            0.13178572058677673,
            0.19285714626312256,
            0.335357129573822,
            1.0
        ],
        "q01": [
            -0.7044642567634583,
            -0.8008928298950195,
            -0.9375,
            -0.11464285850524902,
            -0.1639285683631897,
            -0.2239285707473755,
            -1.0
        ]
    },
    "libero_delta_eef": {
        "mean": [
            0.0,
            0.0,
            0.0,
            0.0,
            0.0,
            0.0,
            0.0
        ],
        "std": [
            1.0,
            1.0,
            1.0,
            1.0,
            1.0,
            1.0,
            1.0
        ]
    },
    "libero_state_eef": {
        "mean": [
            -0.046518921852111816,
            0.03440951183438301,
            0.7645661234855652,
            2.9717254638671875,
            -0.22047072649002075,
            -0.1255781203508377,
            0.026916569098830223,
            -0.02719353698194027
        ],
        "std": [
            0.10493997484445572,
            0.15175873041152954,
            0.37852737307548523,
            0.34426945447921753,
            0.9068929553031921,
            0.325381338596344,
            0.014176350086927414,
            0.014058849774301052
        ],
        "max": [
            0.21031762659549713,
            0.39128610491752625,
            1.3660105466842651,
            3.6714255809783936,
            3.560650587081909,
            1.386339545249939,
            0.04233968257904053,
            0.0013633022317662835
        ],
        "min": [
            -0.4828203022480011,
            -0.3255046010017395,
            0.008128180168569088,
            0.35277295112609863,
            -3.641430377960205,
            -1.842738389968872,
            -0.0013586411951109767,
            -0.042040832340717316
        ],
        "q99": [
            0.13556506335735302,
            0.33566484451293943,
            1.2706659078598022,
            3.2773460674285886,
            2.406109695434569,
            0.59776972055435,
            0.04031316146254539,
            -0.0017781084170565016
        ],
        "q01": [
            -0.39912487387657164,
            -0.26883512616157534,
            0.03826696485280991,
            1.5089580535888671,
            -2.719791135787964,
            -1.08050856590271,
            0.0017423711018636821,
            -0.04002561450004578
        ]
    }
}